,Clusternum,cultivar id,sequences,height,subpopulation
0,0,W128,ACCGATCTT,149.8,Intermediate
1,1,W030,GCCGTACTT,172.6,Indica Intermediate
2,2,W049,GCCGTACTC,156.9,Aus
3,2,W134,GCCGTACTC,156.9,Aus
4,3,W256,GCCGTACCC,145.1,VI/Aromatic
5,3,W081,GCCGTACCC,145.1,VI/Aromatic
6,4,W028,GTCGTTCTC,164.2,Aus
7,5,W099,GCCGTTCTC,154.8842105263158,Aus
8,5,W287,GCCGTTCTC,154.8842105263158,Aus
9,5,W115,GCCGTTCTC,154.8842105263158,Aus
10,5,W076,GCCGTTCTC,154.8842105263158,Aus
11,5,W142,GCCGTTCTC,154.8842105263158,Aus
12,5,W096,GCCGTTCTC,154.8842105263158,Aus
13,5,W098,GCCGTTCTC,154.8842105263158,Aus
14,5,W069,GCCGTTCTC,154.8842105263158,Aus
15,5,W092,GCCGTTCTC,154.8842105263158,Aus
16,5,W286,GCCGTTCTC,154.8842105263158,Aus
17,5,W292,GCCGTTCTC,154.8842105263158,Aus
18,5,W108,GCCGTTCTC,154.8842105263158,Aus
19,5,W214,GCCGTTCTC,154.8842105263158,Aus
20,5,W100,GCCGTTCTC,154.8842105263158,Aus
21,5,W131,GCCGTTCTC,154.8842105263158,Aus
22,5,W037,GCCGTTCTC,154.8842105263158,Aus
23,5,W090,GCCGTTCTC,154.8842105263158,Aus
24,5,W104,GCCGTTCTC,154.8842105263158,Aus
25,5,W094,GCCGTTCTC,154.8842105263158,Aus
26,6,W020,GCCGTTTCC,142.1,Aus
27,6,W079,GCCGTTTCT,142.1,Aus
28,7,C095,GCCGTTTTC,153.9425,Indica I
29,7,W036,GCCGTTTTC,153.9425,Indica I
30,7,W026,GCCGTTTTC,153.9425,Indica I
31,7,W124,GCCGTTTTC,153.9425,Indica I
32,8,W066,GCCGTTTTT,131.32,Indica III
33,8,W093,GCCGTTTTT,131.32,Indica III
34,8,W089,GCCGTTTTT,131.32,Indica III
35,8,W241,GCCGTTTTT,131.32,Indica III
36,8,W023,GCCGTTTTT,131.32,Indica III
37,9,W014,GCCGTTCCT,158.0,VI/Aromatic
38,10,W252,GCCGTTCCC,162.775,Aus
39,10,W095,GCCGTTCCC,162.775,Aus
40,10,W048,GCCGTTCCC,162.775,Aus
41,10,W091,GCCGTTCCC,162.775,Aus
42,10,W279,GCCGTTCCC,162.775,Aus
43,10,W219,GCCGTTCCC,162.775,Aus
44,10,W278,GCCGTTCCC,162.775,Aus
45,10,W255,GCCGTTCCC,162.775,Aus
46,11,W140,GCCTTTCTT,157.60000000000002,Aus
47,11,W106,GCCGTTCTT,157.60000000000002,Aus
48,12,W141,GCCTTTCTC,154.4946153846154,Aus
49,12,W025,GCCTTTCTC,154.4946153846154,Aus
50,12,W015,GCCTTTCTC,154.4946153846154,Aus
51,12,W034,GCCTTTCTC,154.4946153846154,Aus
52,12,W297,GCCTTTCTC,154.4946153846154,Aus
53,12,C013,GCCTTTCTC,154.4946153846154,Aus
54,12,W121,GCCTTTCTC,154.4946153846154,Aus
55,12,W296,GCCTTTCTC,154.4946153846154,Aus
56,12,W042,GCCTTTCTC,154.4946153846154,Aus
57,12,W103,GCCTTTCTC,154.4946153846154,Aus
58,12,W280,GCCTTTCTC,154.4946153846154,Aus
59,12,W215,GCCTTTCTC,154.4946153846154,Aus
60,12,W072,GCCTTTCTC,154.4946153846154,Aus
61,13,W112,GCTTTTCTT,176.265,Indica III
62,13,C139,GCTTTTCTC,176.265,Indica III
63,14,W054,GCCTTTTTT,171.35454545454544,Indica I
64,14,C194,GCCTTTTTT,171.35454545454544,Indica I
65,14,C047,GCCTTTTTT,171.35454545454544,Indica I
66,14,W009,GCCTTTTTT,171.35454545454544,Indica I
67,14,C104,GCCTTTTTT,171.35454545454544,Indica I
68,14,C108,GCCTTTTTT,171.35454545454544,Indica I
69,14,C080,GCCTTTTTT,171.35454545454544,Indica I
70,14,C097,GCCTTTTTT,171.35454545454544,Indica I
71,14,W203,GCCTTTTTT,171.35454545454544,Indica I
72,14,C109,GCCTTTTTT,171.35454545454544,Indica I
73,14,W111,GCCTTTTTT,171.35454545454544,Indica I
74,15,W235,GTCTTTTTC,148.4,Indica I
75,16,W032,GCCTTTTTC,167.38105263157894,Indica I
76,16,W320,GCCTTTTTC,167.38105263157894,Indica I
77,16,C088,GCCTTTTTC,167.38105263157894,Indica I
78,16,C141,GCCTTTTTC,167.38105263157894,Indica I
79,16,C199,GCCTTTTTC,167.38105263157894,Indica I
80,16,C073,GCCTTTTTC,167.38105263157894,Indica I
81,16,C100,GCCTTTTTC,167.38105263157894,Indica I
82,16,W031,GCCTTTTTC,167.38105263157894,Indica I
83,16,C136,GCCTTTTTC,167.38105263157894,Indica I
84,16,C198,GCCTTTTTC,167.38105263157894,Indica I
85,16,C135,GCCTTTTTC,167.38105263157894,Indica I
86,16,W126,GCCTTTTTC,167.38105263157894,Indica I
87,16,C129,GCCTTTTTC,167.38105263157894,Indica I
88,16,C190,GCCTTTTTC,167.38105263157894,Indica I
89,16,W272,GCCTTTTTC,167.38105263157894,Indica I
90,16,W039,GCCTTTTTC,167.38105263157894,Indica I
91,16,C200,GCCTTTTTC,167.38105263157894,Indica I
92,16,C201,GCCTTTTTC,167.38105263157894,Indica I
93,16,C096,GCCTTTTTC,167.38105263157894,Indica I
94,17,W145,GCCTTACTT,177.4,Indica Intermediate
95,18,C090,GCCTTATTT,157.02285714285713,Indica I
96,18,C197,GCCTTATTT,157.02285714285713,Indica I
97,18,W204,GCCTTATTT,157.02285714285713,Indica I
98,18,C132,GCCTTATTT,157.02285714285713,Indica I
99,18,W080,GCCTTATTT,157.02285714285713,Indica I
100,18,W205,GCCTTATTT,157.02285714285713,Indica I
101,18,C055,GCCTTATTT,157.02285714285713,Indica I
102,19,W047,GCCTTACCT,203.2,Japonica Intermediate
103,20,W247,GCCTTATCT,168.3,Indica I
104,20,W210,GCCTTATCT,168.3,Indica I
105,21,W258,GCCTTACCC,158.4,VI/Aromatic
106,22,W077,GCCTTTCCC,166.34571428571428,VI/Aromatic
107,22,W136,GCCTTTCCC,166.34571428571428,VI/Aromatic
108,22,W277,GCCTTTCCC,166.34571428571428,VI/Aromatic
109,22,C002,GCCTTTCCC,166.34571428571428,VI/Aromatic
110,22,C015,GCCTTTCCC,166.34571428571428,VI/Aromatic
111,22,W220,GCCTTTCCC,166.34571428571428,VI/Aromatic
112,22,W330,GCCTTTCCC,166.34571428571428,VI/Aromatic
113,23,C202,GCCTTTTCC,176.33,Indica I
114,24,C076,GCCTTATCC,147.106,Indica I
115,24,W001,GCCTTATCC,147.106,Indica I
116,24,C077,GCCTTATCC,147.106,Indica I
117,24,C184,GCCTTATCC,147.106,Indica I
118,24,C081,GCCTTATCC,147.106,Indica I
119,25,W135,GCTTTACTC,172.8,Indica Intermediate
120,26,C086,GCCTTACTC,163.03428571428572,Indica Intermediate
121,26,W129,GCCTTACTC,163.03428571428572,Indica Intermediate
122,26,W035,GCCTTACTC,163.03428571428572,Indica Intermediate
123,26,W137,GCCTTACTC,163.03428571428572,Indica Intermediate
124,26,W075,GCCTTACTC,163.03428571428572,Indica Intermediate
125,26,W105,GCCTTACTC,163.03428571428572,Indica Intermediate
126,26,C098,GCCTTACTC,163.03428571428572,Indica Intermediate
127,27,W198,GCCTTATTC,165.01857142857142,Indica I
128,27,W074,GCCTTATTC,165.01857142857142,Indica I
129,27,C140,GCCTTATTC,165.01857142857142,Indica I
130,27,W212,GCCTTATTC,165.01857142857142,Indica I
131,27,W144,GCCTTATTC,165.01857142857142,Indica I
132,27,C182,GCCTTATTC,165.01857142857142,Indica I
133,27,C110,GCCTTATTC,165.01857142857142,Indica I
134,28,C143,GCCGTATTC,148.68200000000002,Indica I
135,28,C125,GCCGTATTC,148.68200000000002,Indica I
136,28,W114,GCCGTATTC,148.68200000000002,Indica I
137,28,W314,GCCGTATTC,148.68200000000002,Indica I
138,28,W282,GCCGTATTC,148.68200000000002,Indica I
139,29,W306,GCTGTTCCC,129.6,VI/Aromatic
140,30,W050,GCTGTACCC,159.84,Japonica Intermediate
141,30,C085,GCTGTACCC,159.84,Japonica Intermediate
142,30,C084,GCTGTACCC,159.84,Japonica Intermediate
143,31,C001,GCTTTTCCC,138.265,Indica I
144,31,W261,GCTTTTCCC,138.265,Indica I
145,32,C121,GCTTTTTCT,122.86999999999999,Indica Intermediate
146,32,C036,GCTTTTTCT,122.86999999999999,Indica Intermediate
147,33,W299,GCTGTTTTT,110.88571428571429,Indica II
148,33,W154,GCTGTTTTT,110.88571428571429,Indica II
149,33,W321,GCTGTTTTT,110.88571428571429,Indica II
150,33,W194,GCTGTTTTT,110.88571428571429,Indica II
151,33,W172,GCTGTTTTT,110.88571428571429,Indica II
152,33,W147,GCTGTTTTT,110.88571428571429,Indica II
153,33,W304,GCTGTTTTT,110.88571428571429,Indica II
154,34,C192,GCTTTTTTT,134.65,Indica Intermediate
155,34,W298,GCTTTTTTT,134.65,Indica Intermediate
156,34,C107,GCTTTTTTT,134.65,Indica Intermediate
157,34,C072,GCTTTTTTT,134.65,Indica Intermediate
158,34,C175,GCTTTTTTT,134.65,Indica Intermediate
159,34,C162,GCTTTTTTT,134.65,Indica Intermediate
160,34,W181,GCTTTTTTT,134.65,Indica Intermediate
161,34,W148,GCTTTTTTT,134.65,Indica Intermediate
162,34,W291,GCTTTTTTT,134.65,Indica Intermediate
163,34,W274,GCTTTTTTT,134.65,Indica Intermediate
164,34,C142,GCTTTTTTT,134.65,Indica Intermediate
165,35,C145,ACTTTATCT,88.17666666666666,Indica I
166,35,C024,ACTTTATCT,88.17666666666666,Indica I
167,35,C114,ACTTTATCT,88.17666666666666,Indica I
168,36,C122,GCTTTATCT,96.64384615384616,Indica I
169,36,C021,GCTTTATCT,96.64384615384616,Indica I
170,36,C161,GCTTTATCT,96.64384615384616,Indica I
171,36,C158,GCTTTATCT,96.64384615384616,Indica I
172,36,C059,GCTTTATCT,96.64384615384616,Indica I
173,36,C039,GCTTTATCT,96.64384615384616,Indica I
174,36,C020,GCTTTATCT,96.64384615384616,Indica I
175,36,W223,GCTTTATCT,96.64384615384616,Indica I
176,36,C156,GCTTTATCT,96.64384615384616,Indica I
177,36,C159,GCTTTATCT,96.64384615384616,Indica I
178,36,C033,GCTTTATCT,96.64384615384616,Indica I
179,36,C155,GCTTTATCT,96.64384615384616,Indica I
180,36,C058,GCTTTATCT,96.64384615384616,Indica I
181,37,C078,GCTTTTTTC,133.73333333333335,Indica Intermediate
182,37,W084,GCTTTTTTC,133.73333333333335,Indica Intermediate
183,37,C173,GCTTTTTTC,133.73333333333335,Indica Intermediate
184,38,C193,GCTTTTTCC,156.07,Indica I
185,38,C180,GCTTTTTCC,156.07,Indica I
186,38,C183,GCTTTTTCC,156.07,Indica I
187,38,W132,GCTTTTTCC,156.07,Indica I
188,38,C128,GCTTTTTCC,156.07,Indica I
189,39,W029,GCTTTATCC,131.26500000000001,Indica Intermediate
190,39,C060,GCTTTATCC,131.26500000000001,Indica Intermediate
191,40,C131,GCTTTATTC,135.024375,Indica Intermediate
192,40,C191,GCTTTATTC,135.024375,Indica Intermediate
193,40,W269,GCTTTATTC,135.024375,Indica Intermediate
194,40,C127,GCTTTATTC,135.024375,Indica Intermediate
195,40,W073,GCTTTATTC,135.024375,Indica Intermediate
196,40,W199,GCTTTATTC,135.024375,Indica Intermediate
197,40,W101,GCTTTATTC,135.024375,Indica Intermediate
198,40,C176,GCTTTATTC,135.024375,Indica Intermediate
199,40,W133,GCTTTATTC,135.024375,Indica Intermediate
200,40,W270,GCTTTATTC,135.024375,Indica Intermediate
201,40,W206,GCTTTATTC,135.024375,Indica Intermediate
202,40,W266,GCTTTATTC,135.024375,Indica Intermediate
203,40,C041,GCTTTATTC,135.024375,Indica Intermediate
204,40,W246,GCTTTATTC,135.024375,Indica Intermediate
205,40,C091,GCTTTATTC,135.024375,Indica Intermediate
206,40,C092,GCTTTATTC,135.024375,Indica Intermediate
207,41,W143,GCTTAACCC,191.99666666666667,Temperate Japonica
208,41,C134,GCTTAACCC,191.99666666666667,Temperate Japonica
209,41,C144,GCTTAACCC,191.99666666666667,Temperate Japonica
210,42,C106,GCTGAACCC,186.68,Temperate Japonica
211,42,W319,GCTGAACCC,186.68,Temperate Japonica
212,42,C101,GCTGAACCC,186.68,Temperate Japonica
213,42,C111,GCTGAACCC,186.68,Temperate Japonica
214,42,C137,GCTGAACCC,186.68,Temperate Japonica
215,43,C172,ACTGAACCT,104.5025,Temperate Japonica
216,43,C120,ACTGAACCT,104.5025,Temperate Japonica
217,43,C149,ACTGAACCT,104.5025,Temperate Japonica
218,43,C063,ACTGAACCC,104.5025,Temperate Japonica
219,44,W021,ACTGTACTC,126.83333333333334,Japonica Intermediate
220,44,C052,ACTGTACTC,126.83333333333334,Japonica Intermediate
221,44,W323,ACTGTACTC,126.83333333333334,Japonica Intermediate
222,44,W327,ACTGTACTC,126.83333333333334,Japonica Intermediate
223,44,C185,ACTGTACTC,126.83333333333334,Japonica Intermediate
224,44,W003,ACTGAACTC,126.83333333333334,Japonica Intermediate
225,45,W122,GCTGTACTC,147.22533333333334,Temperate Japonica
226,45,C074,GCTGTACTC,147.22533333333334,Temperate Japonica
227,45,C138,GCTGTACTC,147.22533333333334,Temperate Japonica
228,45,C082,GCTGTACTC,147.22533333333334,Temperate Japonica
229,45,W326,GCTGTACTC,147.22533333333334,Temperate Japonica
230,45,C179,GCTGTACTC,147.22533333333334,Temperate Japonica
231,45,W082,GCTGTACTC,147.22533333333334,Temperate Japonica
232,45,W127,GCTGTACTC,147.22533333333334,Temperate Japonica
233,45,W097,GCTGTACTC,147.22533333333334,Temperate Japonica
234,45,C067,GCTGTACTC,147.22533333333334,Temperate Japonica
235,45,C071,GCTGTACTC,147.22533333333334,Temperate Japonica
236,45,C075,GCTGTACTC,147.22533333333334,Temperate Japonica
237,45,W324,GCTGTACTC,147.22533333333334,Temperate Japonica
238,45,C171,GCTGTACTC,147.22533333333334,Temperate Japonica
239,45,C186,GCTGTACTC,147.22533333333334,Temperate Japonica
240,46,C133,GCTGAACTC,165.34666666666666,Temperate Japonica
241,46,W325,GCTGAACTC,165.34666666666666,Temperate Japonica
242,46,C004,GCTGAACTC,165.34666666666666,Temperate Japonica
243,46,C196,GCTGAACTC,165.34666666666666,Temperate Japonica
244,46,C130,GCTGAACTC,165.34666666666666,Temperate Japonica
245,46,W102,GCTGAACTC,165.34666666666666,Temperate Japonica
246,46,C103,GCTGAACTC,165.34666666666666,Temperate Japonica
247,46,C079,GCTGAACTC,165.34666666666666,Temperate Japonica
248,46,C093,GCTGAACTC,165.34666666666666,Temperate Japonica
249,47,W155,ACTGTTTTT,125.2,Indica Intermediate
250,47,W125,ACTGTTCTT,125.2,Indica Intermediate
251,48,W063,ACTGTACTT,99.38333333333333,Temperate Japonica
252,48,C057,ACTGTACTT,99.38333333333333,Temperate Japonica
253,48,W130,ACTGTACTT,99.38333333333333,Temperate Japonica
254,48,W010,ACTGTACTT,99.38333333333333,Temperate Japonica
255,48,C029,ACTGTACTT,99.38333333333333,Temperate Japonica
256,48,C154,ACTGTACTT,99.38333333333333,Temperate Japonica
257,48,W052,ACTGTACTT,99.38333333333333,Temperate Japonica
258,48,C032,ACTGTACTT,99.38333333333333,Temperate Japonica
259,48,C035,ACTGTACTT,99.38333333333333,Temperate Japonica
260,48,W061,ACTGTACTT,99.38333333333333,Temperate Japonica
261,48,W088,ACTGTACTT,99.38333333333333,Temperate Japonica
262,48,C146,ACTGTACTT,99.38333333333333,Temperate Japonica
263,48,W109,ACTGTACTT,99.38333333333333,Temperate Japonica
264,48,C018,ACTGTACTT,99.38333333333333,Temperate Japonica
265,48,C116,ACTGTACTT,99.38333333333333,Temperate Japonica
266,48,C150,ACTGTACTT,99.38333333333333,Temperate Japonica
267,48,W160,ACTGTACTT,99.38333333333333,Temperate Japonica
268,48,C026,ACTGTACTT,99.38333333333333,Temperate Japonica
269,48,W158,ACTGTACTT,99.38333333333333,Temperate Japonica
270,48,C152,ACTGTACTT,99.38333333333333,Temperate Japonica
271,48,W283,ACTGTACTT,99.38333333333333,Temperate Japonica
272,48,W207,ACTGTACTT,99.38333333333333,Temperate Japonica
273,48,C064,ACTGTACTT,99.38333333333333,Temperate Japonica
274,48,W013,ACTGTACTT,99.38333333333333,Temperate Japonica
275,48,W012,ACTGTACTT,99.38333333333333,Temperate Japonica
276,48,C028,ACTGTACTT,99.38333333333333,Temperate Japonica
277,48,W117,ACTGTACTT,99.38333333333333,Temperate Japonica
278,48,W162,ACTGTACTT,99.38333333333333,Temperate Japonica
279,48,C048,ACTGTACTT,99.38333333333333,Temperate Japonica
280,48,W209,ACTGTACTT,99.38333333333333,Temperate Japonica
281,48,W027,ACTGTACTT,99.38333333333333,Temperate Japonica
282,48,C177,ACTGTACTT,99.38333333333333,Temperate Japonica
283,48,W328,ACTGTACTT,99.38333333333333,Temperate Japonica
284,48,C017,ACTGTACTT,99.38333333333333,Temperate Japonica
285,48,W016,ACTGTACTT,99.38333333333333,Temperate Japonica
286,48,W305,ACTGTACTT,99.38333333333333,Temperate Japonica
287,49,W120,ACTGTATTT,91.41666666666667,Temperate Japonica
288,49,C051,ACTGTATTT,91.41666666666667,Temperate Japonica
289,49,W087,ACTGTATTT,91.41666666666667,Temperate Japonica
290,49,C119,ACTGTATTT,91.41666666666667,Temperate Japonica
291,49,C014,ACTGTATTT,91.41666666666667,Temperate Japonica
292,49,W226,ACTGTATTT,91.41666666666667,Temperate Japonica
293,50,W119,ACTGAATTT,95.4,Tropical Japonica
294,51,W193,ACTGAACTT,120.78,Temperate Japonica
295,51,W249,ACTGAACTT,120.78,Temperate Japonica
296,51,W060,ACTGAACTT,120.78,Temperate Japonica
297,51,C012,ACTGAACTT,120.78,Temperate Japonica
298,51,W250,ACTGAACTT,120.78,Temperate Japonica
299,52,C070,GCTGAACTT,137.94142857142856,Temperate Japonica
300,52,C123,GCTGAACTT,137.94142857142856,Temperate Japonica
301,52,C189,GCTGAACTT,137.94142857142856,Temperate Japonica
302,52,W011,GCTGAACTT,137.94142857142856,Temperate Japonica
303,52,W055,GCTGAACTT,137.94142857142856,Temperate Japonica
304,52,W056,GCTGAACTT,137.94142857142856,Temperate Japonica
305,52,W041,GCTGAACTT,137.94142857142856,Temperate Japonica
306,53,W057,GCTGAATTT,144.1435,Tropical Japonica
307,53,W024,GCTGAATTT,144.1435,Tropical Japonica
308,53,W005,GCTGAATTT,144.1435,Tropical Japonica
309,53,W254,GCTGAATTT,144.1435,Tropical Japonica
310,53,W275,GCTGAATTT,144.1435,Tropical Japonica
311,53,C153,GCTGAATTT,144.1435,Tropical Japonica
312,53,W208,GCTGAATTT,144.1435,Tropical Japonica
313,53,W253,GCTGAATTT,144.1435,Tropical Japonica
314,53,W113,GCTGAATTT,144.1435,Tropical Japonica
315,53,W251,GCTGAATTT,144.1435,Tropical Japonica
316,53,W022,GCTGAATTT,144.1435,Tropical Japonica
317,53,W053,GCTGAATTT,144.1435,Tropical Japonica
318,53,W257,GCTGAATTT,144.1435,Tropical Japonica
319,53,W065,GCTGAATTT,144.1435,Tropical Japonica
320,53,W008,GCTGAATTT,144.1435,Tropical Japonica
321,53,W006,GCTGAATTT,144.1435,Tropical Japonica
322,53,W067,GCTGAATTT,144.1435,Tropical Japonica
323,53,W303,GCTGAATTT,144.1435,Tropical Japonica
324,53,W123,GCTGAATTT,144.1435,Tropical Japonica
325,53,W017,GCTGAATTT,144.1435,Tropical Japonica
326,54,C087,GCTTAACTT,150.42333333333335,Tropical Japonica
327,54,W116,GCTTAACTT,150.42333333333335,Tropical Japonica
328,54,W285,GCTTAATTT,150.42333333333335,Tropical Japonica
329,55,W313,GCTTTACTT,108.4,Indica Intermediate
330,55,C203,GCTTTACTT,108.4,Indica Intermediate
331,55,W175,GCTTTACTT,108.4,Indica Intermediate
332,55,W240,GCTTTACTT,108.4,Indica Intermediate
333,55,C124,GCTTTACTT,108.4,Indica Intermediate
334,55,W068,GCTTTACTT,108.4,Indica Intermediate
335,56,W151,GCTTTATTT,105.26358208955224,Indica II
336,56,W245,GCTTTATTT,105.26358208955224,Indica II
337,56,C160,GCTTTATTT,105.26358208955224,Indica II
338,56,W268,GCTTTATTT,105.26358208955224,Indica II
339,56,W263,GCTTTATTT,105.26358208955224,Indica II
340,56,W156,GCTTTATTT,105.26358208955224,Indica II
341,56,W307,GCTTTATTT,105.26358208955224,Indica II
342,56,C105,GCTTTATTT,105.26358208955224,Indica II
343,56,C113,GCTTTATTT,105.26358208955224,Indica II
344,56,W259,GCTTTATTT,105.26358208955224,Indica II
345,56,W293,GCTTTATTT,105.26358208955224,Indica II
346,56,W170,GCTTTATTT,105.26358208955224,Indica II
347,56,W271,GCTTTATTT,105.26358208955224,Indica II
348,56,C044,GCTTTATTT,105.26358208955224,Indica II
349,56,W248,GCTTTATTT,105.26358208955224,Indica II
350,56,W236,GCTTTATTT,105.26358208955224,Indica II
351,56,W222,GCTTTATTT,105.26358208955224,Indica II
352,56,C112,GCTTTATTT,105.26358208955224,Indica II
353,56,C117,GCTTTATTT,105.26358208955224,Indica II
354,56,W295,GCTTTATTT,105.26358208955224,Indica II
355,56,W315,GCTTTATTT,105.26358208955224,Indica II
356,56,W300,GCTTTATTT,105.26358208955224,Indica II
357,56,W185,GCTTTATTT,105.26358208955224,Indica II
358,56,W043,GCTTTATTT,105.26358208955224,Indica II
359,56,W149,GCTTTATTT,105.26358208955224,Indica II
360,56,W317,GCTTTATTT,105.26358208955224,Indica II
361,56,W138,GCTTTATTT,105.26358208955224,Indica II
362,56,W163,GCTTTATTT,105.26358208955224,Indica II
363,56,C019,GCTTTATTT,105.26358208955224,Indica II
364,56,W183,GCTTTATTT,105.26358208955224,Indica II
365,56,W265,GCTTTATTT,105.26358208955224,Indica II
366,56,W230,GCTTTATTT,105.26358208955224,Indica II
367,56,C165,GCTTTATTT,105.26358208955224,Indica II
368,56,W169,GCTTTATTT,105.26358208955224,Indica II
369,56,C046,GCTTTATTT,105.26358208955224,Indica II
370,56,W224,GCTTTATTT,105.26358208955224,Indica II
371,56,W294,GCTTTATTT,105.26358208955224,Indica II
372,56,C030,GCTTTATTT,105.26358208955224,Indica II
373,56,W229,GCTTTATTT,105.26358208955224,Indica II
374,56,W046,GCTTTATTT,105.26358208955224,Indica II
375,56,W228,GCTTTATTT,105.26358208955224,Indica II
376,56,W058,GCTTTATTT,105.26358208955224,Indica II
377,56,W179,GCTTTATTT,105.26358208955224,Indica II
378,56,W276,GCTTTATTT,105.26358208955224,Indica II
379,56,W189,GCTTTATTT,105.26358208955224,Indica II
380,56,C031,GCTTTATTT,105.26358208955224,Indica II
381,56,C037,GCTTTATTT,105.26358208955224,Indica II
382,56,W040,GCTTTATTT,105.26358208955224,Indica II
383,56,C170,GCTTTATTT,105.26358208955224,Indica II
384,56,C151,GCTTTATTT,105.26358208955224,Indica II
385,56,C038,GCTTTATTT,105.26358208955224,Indica II
386,56,W233,GCTTTATTT,105.26358208955224,Indica II
387,56,W152,GCTTTATTT,105.26358208955224,Indica II
388,56,W164,GCTTTATTT,105.26358208955224,Indica II
389,56,W244,GCTTTATTT,105.26358208955224,Indica II
390,56,C007,GCTTTATTT,105.26358208955224,Indica II
391,56,W312,GCTTTATTT,105.26358208955224,Indica II
392,56,C167,GCTTTATTT,105.26358208955224,Indica II
393,56,W309,GCTTTATTT,105.26358208955224,Indica II
394,56,C006,GCTTTATTT,105.26358208955224,Indica II
395,56,W150,GCTTTATTT,105.26358208955224,Indica II
396,56,W200,GCTTTATTT,105.26358208955224,Indica II
397,56,W308,GCTTTATTT,105.26358208955224,Indica II
398,56,W180,GCTTTATTT,105.26358208955224,Indica II
399,56,W174,GCTTTATTT,105.26358208955224,Indica II
400,56,C169,GCTTTATTT,105.26358208955224,Indica II
401,56,W264,GCTTTATTT,105.26358208955224,Indica II
402,57,C083,GCTGAATCT,174.7,Temperate Japonica
403,58,C040,GCTGTATCT,91.45333333333333,Indica I
404,58,C157,GCTGTATCT,91.45333333333333,Indica I
405,58,W078,GCTGTATCT,91.45333333333333,Indica I
406,59,W290,GCTGTACCT,97.72,Temperate Japonica
407,59,C016,GCTGTACCT,97.72,Temperate Japonica
408,59,C056,GCTGTACCT,97.72,Temperate Japonica
409,60,C089,GCTGTACTT,124.59666666666666,Temperate Japonica
410,60,C054,GCTGTACTT,124.59666666666666,Temperate Japonica
411,60,W019,GCTGTACTT,124.59666666666666,Temperate Japonica
412,60,C034,GCTGTACTT,124.59666666666666,Temperate Japonica
413,60,W038,GCTGTACTT,124.59666666666666,Temperate Japonica
414,60,W059,GCTGTACTT,124.59666666666666,Temperate Japonica
415,60,W018,GCTGTACTT,124.59666666666666,Temperate Japonica
416,60,C187,GCTGTACTT,124.59666666666666,Temperate Japonica
417,60,W302,GCTGTACTT,124.59666666666666,Temperate Japonica
418,60,W064,GCTGTACTT,124.59666666666666,Temperate Japonica
419,60,C023,GCTGTACTT,124.59666666666666,Temperate Japonica
420,60,W139,GCTGTACTT,124.59666666666666,Temperate Japonica
421,60,C188,GCTGTACTT,124.59666666666666,Temperate Japonica
422,60,C195,GCTGTACTT,124.59666666666666,Temperate Japonica
423,60,W173,GCTGTACTT,124.59666666666666,Temperate Japonica
424,60,W171,GCTGTACTT,124.59666666666666,Temperate Japonica
425,60,W070,GCTGTACTT,124.59666666666666,Temperate Japonica
426,60,C181,GCTGTACTT,124.59666666666666,Temperate Japonica
427,60,W281,GCTGTACTT,124.59666666666666,Temperate Japonica
428,60,C003,GCTGTACTT,124.59666666666666,Temperate Japonica
429,60,C010,GCTGTACTT,124.59666666666666,Temperate Japonica
430,60,W062,GCTGTACTT,124.59666666666666,Temperate Japonica
431,60,W045,GCTGTACTT,124.59666666666666,Temperate Japonica
432,60,C118,GCTGTACTT,124.59666666666666,Temperate Japonica
433,61,W178,GCCGTATTT,117.345,Indica Intermediate
434,61,W071,GCCGTATTT,117.345,Indica Intermediate
435,61,W221,GCCGTATTT,117.345,Indica Intermediate
436,61,W310,GCCGTATTT,117.345,Indica Intermediate
437,61,C102,GCCGTATTT,117.345,Indica Intermediate
438,61,W146,GCCGTATTT,117.345,Indica Intermediate
439,62,W201,GCTGTATTT,106.50850746268657,Indica II
440,62,W182,GCTGTATTT,106.50850746268657,Indica II
441,62,W187,GCTGTATTT,106.50850746268657,Indica II
442,62,W202,GCTGTATTT,106.50850746268657,Indica II
443,62,W289,GCTGTATTT,106.50850746268657,Indica II
444,62,C068,GCTGTATTT,106.50850746268657,Indica II
445,62,W237,GCTGTATTT,106.50850746268657,Indica II
446,62,W311,GCTGTATTT,106.50850746268657,Indica II
447,62,C042,GCTGTATTT,106.50850746268657,Indica II
448,62,W044,GCTGTATTT,106.50850746268657,Indica II
449,62,C163,GCTGTATTT,106.50850746268657,Indica II
450,62,W227,GCTGTATTT,106.50850746268657,Indica II
451,62,W234,GCTGTATTT,106.50850746268657,Indica II
452,62,C043,GCTGTATTT,106.50850746268657,Indica II
453,62,W197,GCTGTATTT,106.50850746268657,Indica II
454,62,C166,GCTGTATTT,106.50850746268657,Indica II
455,62,C061,GCTGTATTT,106.50850746268657,Indica II
456,62,W216,GCTGTATTT,106.50850746268657,Indica II
457,62,W231,GCTGTATTT,106.50850746268657,Indica II
458,62,W322,GCTGTATTT,106.50850746268657,Indica II
459,62,W177,GCTGTATTT,106.50850746268657,Indica II
460,62,W159,GCTGTATTT,106.50850746268657,Indica II
461,62,C022,GCTGTATTT,106.50850746268657,Indica II
462,62,C011,GCTGTATTT,106.50850746268657,Indica II
463,62,W267,GCTGTATTT,106.50850746268657,Indica II
464,62,W318,GCTGTATTT,106.50850746268657,Indica II
465,62,W083,GCTGTATTT,106.50850746268657,Indica II
466,62,C148,GCTGTATTT,106.50850746268657,Indica II
467,62,C025,GCTGTATTT,106.50850746268657,Indica II
468,62,C049,GCTGTATTT,106.50850746268657,Indica II
469,62,W165,GCTGTATTT,106.50850746268657,Indica II
470,62,W166,GCTGTATTT,106.50850746268657,Indica II
471,62,W161,GCTGTATTT,106.50850746268657,Indica II
472,62,W301,GCTGTATTT,106.50850746268657,Indica II
473,62,W051,GCTGTATTT,106.50850746268657,Indica II
474,62,C065,GCTGTATTT,106.50850746268657,Indica II
475,62,W176,GCTGTATTT,106.50850746268657,Indica II
476,62,W262,GCTGTATTT,106.50850746268657,Indica II
477,62,W238,GCTGTATTT,106.50850746268657,Indica II
478,62,C009,GCTGTATTT,106.50850746268657,Indica II
479,62,W242,GCTGTATTT,106.50850746268657,Indica II
480,62,W186,GCTGTATTT,106.50850746268657,Indica II
481,62,C178,GCTGTATTT,106.50850746268657,Indica II
482,62,C062,GCTGTATTT,106.50850746268657,Indica II
483,62,W213,GCTGTATTT,106.50850746268657,Indica II
484,62,C053,GCTGTATTT,106.50850746268657,Indica II
485,62,C147,GCTGTATTT,106.50850746268657,Indica II
486,62,C168,GCTGTATTT,106.50850746268657,Indica II
487,62,W218,GCTGTATTT,106.50850746268657,Indica II
488,62,W316,GCTGTATTT,106.50850746268657,Indica II
489,62,W167,GCTGTATTT,106.50850746268657,Indica II
490,62,W217,GCTGTATTT,106.50850746268657,Indica II
491,62,W168,GCTGTATTT,106.50850746268657,Indica II
492,62,W243,GCTGTATTT,106.50850746268657,Indica II
493,62,W195,GCTGTATTT,106.50850746268657,Indica II
494,62,W184,GCTGTATTT,106.50850746268657,Indica II
495,62,C174,GCTGTATTT,106.50850746268657,Indica II
496,62,W157,GCTGTATTT,106.50850746268657,Indica II
497,62,W211,GCTGTATTT,106.50850746268657,Indica II
498,62,C069,GCTGTATTT,106.50850746268657,Indica II
499,62,W086,GCTGTATTT,106.50850746268657,Indica II
500,62,C164,GCTGTATTT,106.50850746268657,Indica II
501,62,W225,GCTGTATTT,106.50850746268657,Indica II
502,62,W118,GCTGTATTT,106.50850746268657,Indica II
503,62,C115,GCTGTATTT,106.50850746268657,Indica II
504,62,W153,GCTGTATTT,106.50850746268657,Indica II
505,62,C050,GCTGTATTT,106.50850746268657,Indica II
506,63,W007,GCTGAATTC,150.4,Tropical Japonica
507,63,W273,GCTGAATTC,150.4,Tropical Japonica
508,63,W288,GCTGAATTC,150.4,Tropical Japonica
509,64,W284,GCTTAATTC,153.746,Tropical Japonica
510,64,W110,GCTTAATTC,153.746,Tropical Japonica
511,64,W002,GCTTAATTC,153.746,Tropical Japonica
512,64,W004,GCTTAATTC,153.746,Tropical Japonica
513,64,C005,GCTTAATTC,153.746,Tropical Japonica
514,65,C094,GTTGTATTC,154.87,Indica Intermediate
515,66,W260,GCTGTATTC,113.24625,Indica Intermediate
516,66,W188,GCTGTATTC,113.24625,Indica Intermediate
517,66,C027,GCTGTATTC,113.24625,Indica Intermediate
518,66,W239,GCTGTATTC,113.24625,Indica Intermediate
519,66,C045,GCTGTATTC,113.24625,Indica Intermediate
520,66,W085,GCTGTATTC,113.24625,Indica Intermediate
521,66,W329,GCTGTATTC,113.24625,Indica Intermediate
522,66,C008,GCTGTATTC,113.24625,Indica Intermediate
523,67,W191,GCTGTTTTC,142.91166666666666,Intermediate
524,67,C099,GCTGTTTTC,142.91166666666666,Intermediate
525,67,W033,GCTGTTTTC,142.91166666666666,Intermediate
526,67,W192,GCTGTTTTC,142.91166666666666,Intermediate
527,67,C066,GCTGTTTTC,142.91166666666666,Intermediate
528,67,W107,GCTGTTTTC,142.91166666666666,Intermediate
